1,Abel Key,24,M,3
2,Marceline Watkins,60,F,7
3,Byron Andrews,67,M,7
4,Juliane Estrada,54,F,6
5,Norbert Carrillo,69,M,5
6,Kendal Henry,47,F,5
7,Cyrus Mclaughlin,47,M,4
8,Desire Gregory,66,F,2
9,Frederic Avery,68,M,5
10,Kimbery Flowers,39,F,4
11,Ernie Wolf,66,M,5
12,Cherelle Donaldson,35,F,8
13,Brenton Delaney,60,M,5
14,Bunny Wilkerson,37,F,9
15,Percy Dixon,34,M,4
16,Sherilyn Barker,55,F,5
17,Xavier Hudson,27,M,4
18,Iesha Manning,50,F,5
19,Wilburn Holder,37,M,1
20,Mirtha Goff,48,F,6
21,Fabian Russell,59,M,8
22,Tammara Lindsey,26,F,6
23,Young Goodman,58,M,2
24,Jeremy House,64,F,4
25,Marvin Singleton,28,M,4
26,Euna Parsons,57,F,8
27,Clement Collier,65,M,3
28,Herta Bradford,24,F,6
29,Lance Leon,66,M,2
30,Ewa Cline,35,F,1
31,Hector Sheppard,60,M,4
32,Alisia Freeman,65,F,9
33,Roberto Russo,38,M,7
34,Shae Burt,55,F,6
35,Elton Hansen,48,M,6
36,Debbra Terry,70,F,8
37,Brice Gaines,57,M,5
38,Sook Sullivan,66,F,1
39,Elvis Gutierrez,61,M,3
40,Shavon Reese,31,F,9
41,Otis Robbins,25,M,8
42,Khadijah Davidson,55,F,6
43,Asa Mcclure,31,M,4
44,Brett Rivera,66,F,2
45,Hector Sexton,68,M,6
46,Albert Miranda,48,F,6
47,Dan Baxter,38,M,8
48,Cristie Stevenson,67,F,5
49,Sammy Wall,43,M,9
50,Kimbery Mack,40,F,8
51,Wayne Gilmore,50,M,3
52,Carylon Burt,52,F,9
53,Mathew Mcpherson,39,M,7
54,Han Parks,57,F,8
55,Reed Douglas,25,M,2
56,Loida Holt,52,F,3
57,Stephan Castro,46,M,3
58,Oliva Stein,42,F,3
59,Nick Ingram,39,M,6
60,Esta Lindsey,51,F,3
61,Jewell Mccormick,68,M,2
62,Andree Richard,46,F,1
63,Fidel Downs,52,M,7
64,Toshiko Green,64,F,7
65,Ernesto Hyde,38,M,5
66,Valda Meyers,31,F,3
67,Mervin Farley,56,M,2
68,Elza Owens,43,F,2
69,Mason Hubbard,29,M,6
70,Lannie Smith,50,F,2
71,Maurice Baker,50,M,1
72,Moon Michael,58,F,8
73,Angel Rice,37,M,6
74,Karlyn Gutierrez,31,F,6
75,Eugenio Maynard,57,M,8
76,Corazon Sosa,67,F,1
77,Louie Carlson,44,M,5
78,Kimberlie Mullen,24,F,8
79,Markus Wolf,40,M,9
80,Luanna Coffey,34,F,9
81,Connie Sullivan,42,M,5
82,Dacia Moran,25,F,2
83,Dwayne Marquez,49,M,3
84,Delila Mckay,48,F,2
85,Giuseppe Pate,30,M,2
86,Genie Walters,44,F,6
87,Weston Walter,39,M,2
88,Verdie Alston,52,F,6
89,Ted Pugh,44,M,8
90,Sammy Turner,54,F,2
91,Clement Lancaster,51,M,2
92,Cheryll Garcia,35,F,2
93,Tristan Hendricks,54,M,4
94,Sang Hinton,52,F,7
95,Isiah Mitchell,31,M,6
96,Suzann Bean,45,F,8
97,Stan Burnett,25,M,6
98,Treena Chang,24,F,7
99,Barton Howell,24,M,6
100,Fae Farley,25,F,6
101,Cleveland Weaver,62,M,5
102,Ramonita Avila,69,F,1
103,Kirby Blair,31,M,1
104,Mora Mcintosh,61,F,5
105,Isiah Snider,44,M,4
106,Delana Taylor,41,F,3
107,Jamel Finch,63,M,6
108,Shenika Dejesus,62,F,1
109,Richard Sellers,49,M,6
110,Norah Huber,62,F,7
111,Norman Caldwell,27,M,4
112,Hildegarde Gregory,48,F,4
113,Dirk Knowles,61,M,3
114,Blondell Lewis,47,F,6
115,Gerardo Jacobson,40,M,2
116,Creola Jordan,57,F,5
117,Justin Love,51,M,4
118,Britt Velazquez,49,F,2
119,Enoch Maddox,67,M,6
120,Adriene Le,60,F,7
121,Neville Humphrey,30,M,1
122,Violette Freeman,30,F,9
123,Rocky Zamora,28,M,8
124,Brinda Patton,41,F,6
125,Christoper Sears,67,M,8
126,Reynalda Peck,60,F,3
127,Jimmie Conrad,31,M,8
128,Zofia Burt,63,F,5
129,Hoyt Keith,64,M,7
130,Maurice Caldwell,26,F,1
131,Lonnie Whitney,57,M,6
132,Kary Jackson,65,F,8
133,Seymour Lynch,54,M,6
134,Dia Walter,64,F,3
135,Claude Reed,37,M,8
136,Zetta Potter,33,F,3
137,Mitch Lang,44,M,4
138,Jadwiga Mueller,54,F,4
139,Cody Juarez,28,M,1
140,Luna Odom,36,F,1
141,Tracy Hunter,35,M,4
142,Jerrica Figueroa,26,F,9
143,Herbert Tran,63,M,5
144,Gwenn Haley,52,F,4
145,Chadwick Ruiz,32,M,7
146,Ngan Elliott,65,F,2
147,Elvis Wolf,41,M,3
148,Maryln Wilson,60,F,1
149,Abe Curry,66,M,3
150,Florencia Foster,64,F,8
151,Porfirio Justice,50,M,6
152,Alysha Castro,55,F,1
153,Tyler Berry,50,M,9
154,Stefany Pace,31,F,8
155,Lucien Navarro,46,M,3
156,Verline Foster,59,F,6
157,Gerardo Dawson,52,M,7
158,Sari Kirby,27,F,7
159,Frankie Fitzpatrick,68,M,4
160,Rubie Aguirre,30,F,6
161,Will Graves,31,M,7
162,Danyell Mcgowan,69,F,4
163,Franklin Summers,46,M,9
164,Olevia Landry,51,F,5
165,Deandre Munoz,37,M,8
166,Sherly House,47,F,5
167,Joe Hogan,59,M,1
168,Chanell Lowery,30,F,6
169,Theron Peck,36,M,2
170,Angelika Charles,45,F,8
171,Eldridge Golden,57,M,5
172,Yanira Parker,60,F,6
173,Kenny Blankenship,58,M,4
174,Kenia Bradley,31,F,7
175,Micah Kirk,36,M,4
176,Deedra Gilmore,45,F,9
177,Vince Rowland,70,M,5
178,Suk Horton,60,F,5
179,Harold Weaver,53,M,7
180,Marilou Griffith,64,F,3
181,Wendell Holcomb,43,M,3
182,Edelmira Moss,61,F,2
183,Devin Macdonald,57,M,9
184,Devorah Clayton,26,F,8
185,Carol Pratt,61,M,7
186,Alyse Williamson,46,F,5
187,Tobias Harrison,65,M,6
188,Chaya Ratliff,53,F,2
189,Wilton Goff,59,M,5
190,Carli Wiley,46,F,9
191,Sandy Rosario,31,M,5
192,Verlie Rollins,41,F,8
193,Leo Carroll,55,M,9
194,Ling Aguilar,58,F,4
195,Raleigh Fuentes,55,M,1
196,Malvina Pena,65,F,2
197,Giuseppe Yates,68,M,2
198,Deeanna Wilkins,36,F,1
199,Carl Norton,28,M,7
200,Lamonica Wong,63,F,9
201,Jewel Pollard,47,M,5
202,Mitchell Cole,25,F,1
203,Jefferey Larsen,69,M,3
204,Pauletta Valdez,48,F,1
205,Nathanial Cochran,47,M,6
206,Kandace Contreras,53,F,7
207,Anton Dalton,48,M,4
208,Aleshia Brennan,55,F,8
209,Son Barton,48,M,5
210,Joline Mccarthy,70,F,2
211,Jeffry Stark,44,M,7
212,Natisha Clements,69,F,7
213,Francis Avery,51,M,7
214,Tatyana O'donnell,66,F,7
215,Darnell Chen,36,M,5
216,Desirae Kirby,25,F,9
217,Lenny Clay,61,M,7
218,Latoyia Calderon,60,F,4
219,Seth Thomas,31,M,7
220,Zulema Riggs,34,F,4
221,Ronnie Goff,62,M,5
222,Rosy Vinson,34,F,2
223,Jasper Vinson,70,M,1
224,Raeann Mccray,70,F,6
225,Karl Garcia,31,M,3
226,Delpha Jacobs,36,F,4
227,Lupe Hubbard,34,M,8
228,Georgene Norman,44,F,7
229,Rodger Lynn,54,M,3
230,Myrtie Soto,49,F,7
231,Sal Mcneil,30,M,2
232,Joannie Mathews,62,F,9
233,Nelson Greene,64,M,6
234,Rossie Marks,60,F,4
235,Carter Michael,40,M,3
236,Angelyn Pratt,32,F,1
237,Ernest Horton,52,M,1
238,Sharice Harrington,67,F,3
239,Tuan Wilkins,63,M,5
240,Lynelle Montoya,64,F,8
241,Lenny Watson,47,M,6
242,Darcel Petersen,24,F,2
243,Sang Trevino,26,M,9
244,Rochel Lamb,54,F,1
245,German Hopkins,67,M,1
246,Audria Atkins,36,F,1
247,Jeffrey Everett,52,M,9
248,Carolin Trujillo,70,F,9
249,Dee Delaney,45,M,5
250,Kelsi Mitchell,39,F,1
251,Jon Bond,67,M,3
252,Shaquita Marsh,38,F,4
253,Carson Rosa,50,M,7
254,Shirl Terry,47,F,7
255,Elliot Morse,67,M,3
256,Margeret Lewis,68,F,8
257,Nestor Chavez,60,M,1
258,Madelene Boyer,65,F,8
259,Danny Estes,49,M,1
260,Margaretta West,49,F,8
261,Hugh Flynn,26,M,9
262,Khadijah Luna,51,F,5
263,Quincy Diaz,48,M,5
264,Michel Dickson,64,F,8
265,Buddy Kirk,50,M,4
266,Keena Greer,46,F,6
267,Paul Fernandez,29,M,5
268,Tamatha Cash,27,F,3
269,Willard Jackson,68,M,7
270,Lavenia Church,31,F,5
271,Bryon Fowler,37,M,4
272,Stevie Riggs,58,F,2
273,Riley Glenn,28,M,4
274,Celesta Contreras,24,F,3
275,Wally Snow,57,M,1
276,Tilda Mayo,37,F,7
277,Jeromy Bowen,44,M,4
278,Magaly Johnston,35,F,7
279,Lester Powell,52,M,5
280,Lashawnda Gomez,29,F,5
281,Merle Whitney,28,M,5
282,Jacelyn Monroe,24,F,8
283,Francesco Sanders,70,M,2
284,Ta Warner,67,F,4
285,Homer Sweeney,61,M,2
286,Kym Kerr,59,F,8
287,Gabriel Sullivan,44,M,4
288,Venice Saunders,52,F,3
289,Burl Ross,66,M,5
290,Kacie Cross,46,F,5
291,Noah Burks,37,M,4
292,Donetta Petty,49,F,8
293,Mason Ramsey,32,M,3
294,Luetta Hurst,60,F,4
295,Tuan Keith,31,M,3
296,Vivienne James,47,F,5
297,Dennis Morrow,54,M,2
298,Dorotha Sharp,58,F,2
299,Stanford Curtis,53,M,9
300,Loriann Hopper,43,F,6
301,Jarred Farley,30,M,5
302,Raisa Morris,56,F,5
303,Adolfo Sosa,69,M,2
304,Edda Wilkerson,29,F,8
305,Efren Knight,53,M,7
306,Leonida Jackson,57,F,2
307,Frances Vincent,40,M,5
308,Shondra Blake,62,F,5
309,Quincy Mcfadden,51,M,5
310,Marylouise Mullen,70,F,8
311,Woodrow Johnston,68,M,7
312,Svetlana Weber,33,F,2
313,Lee French,47,M,9
314,Min Stevens,62,F,2
315,Richie Clayton,47,M,3
316,Gertude Higgins,26,F,7
317,Marlin Bradford,61,M,9
318,Dulcie Ramos,34,F,9
319,Darryl Keller,58,M,8
320,Ngoc Sweeney,67,F,6
321,Vaughn Avery,48,M,7
322,Palmira Garrett,61,F,9
323,Markus Young,58,M,6
324,Shaunta Mcleod,33,F,7
325,Pierre Roy,63,M,1
326,Rosann Howe,70,F,4
327,Elvis Leach,47,M,6
328,Yung Logan,27,F,7
329,Lynwood Mcintyre,51,M,9
330,Krysten Dean,57,F,4
331,Andreas Reid,27,M,4
332,Cordia Mcclure,30,F,8
333,Vern Carver,58,M,1
334,Jessika Franklin,53,F,2
335,Roosevelt Edwards,33,M,6
336,Mika Stephens,55,F,5
337,Johnathon Tanner,36,M,8
338,Shemeka Mcguire,25,F,3
339,Duane Schwartz,32,M,4
340,Trinh Hahn,42,F,8
341,Hans Sanford,66,M,2
342,Eusebia Clayton,66,F,7
343,Esteban Walter,44,M,8
344,Tammara Schroeder,34,F,8
345,Tim Howell,34,M,3
346,Janene Hoover,59,F,4
347,Nicolas Richard,52,M,7
348,Annelle Henry,34,F,9
349,Deandre Randall,32,M,8
350,Margit Fry,52,F,8
351,Fernando Ferrell,65,M,2
352,Stephen Thomas,46,F,1
353,Jon Jenkins,59,M,8
354,Tawny Vaughan,53,F,6
355,Lemuel Barlow,32,M,4
356,Nga Bond,66,F,3
357,Hector Christensen,29,M,1
358,Lachelle Walls,70,F,7
359,Cecil Hancock,64,M,4
360,Ardelia Trujillo,43,F,3
361,Joan Petty,48,M,2
362,Joslyn Mcclain,28,F,4
363,Shawn Robertson,38,M,9
364,Kirby Wooten,31,F,5
365,Forest Aguirre,62,M,6
366,Katlyn Mayer,43,F,4
367,Emmitt Buckley,34,M,3
368,Rossana Larsen,46,F,5
369,Refugio Brown,37,M,2
370,Willia Bradley,38,F,2
371,Chung Whitney,44,M,9
372,Monnie Lamb,47,F,4
373,Adalberto Chavez,45,M,9
374,Lore Moon,26,F,1
375,Samual Stephenson,46,M,3
376,Delena Hernandez,57,F,8
377,Rashad Sears,28,M,9
378,Inger Padilla,43,F,3
379,Dante Mccarthy,36,M,7
380,Cleotilde Patton,45,F,6
381,Efrain Landry,55,M,5
382,Verdie Craft,30,F,8
383,Gilberto Daugherty,27,M,4
384,Arnita Blackwell,66,F,4
385,Sang Rodriguez,25,M,3
386,Shona Castro,48,F,6
387,Otis Dotson,39,M,6
388,Livia Wilder,57,F,7
389,Alfredo Wiley,51,M,3
390,Marleen Fuentes,33,F,3
391,Filiberto Pugh,38,M,4
392,Loni Phillips,28,F,1
393,Steven French,58,M,3
394,Vella Willis,33,F,9
395,Nick Jimenez,33,M,6
396,Marget Avery,32,F,9
397,Jonathon Mack,42,M,2
398,Vi Leach,25,F,9
399,Hoyt Davis,38,M,1
400,Irmgard Keller,45,F,3
401,Lynwood Brock,46,M,6
402,Aleisha Wong,41,F,8
403,Dan Brock,64,M,1
404,Roy Arnold,55,F,2
405,Lou Pugh,39,M,7
406,Pearly O'connor,61,F,6
407,Chad Ford,61,M,1
408,Romaine Oliver,24,F,5
409,Ernest Sanders,69,M,4
410,Trudie Boyle,35,F,3
411,Carson Bowman,49,M,9
412,Lynell Stein,26,F,4
413,Gaston Conrad,24,M,7
414,Clyde Glenn,59,F,4
415,Porfirio Mejia,31,M,3
416,Irish Mullins,30,F,1
417,Dewayne Pearson,52,M,6
418,Sharice Watts,57,F,1
419,Darrell Russell,56,M,8
420,Estell Snow,44,F,5
421,Danny Lindsey,46,M,7
422,Katia Fletcher,64,F,4
423,Tomas Ellis,65,M,1
424,Malisa Sharpe,57,F,8
425,Elmo Fuentes,42,M,1
426,Albert Lamb,39,F,9
427,Trevor Ross,35,M,8
428,Eustolia Franklin,48,F,1
429,Carey Osborne,50,M,8
430,Reagan Wilkins,56,F,8
431,Guillermo Browning,68,M,9
432,Danyelle Buchanan,53,F,5
433,Javier Rhodes,37,M,9
434,Malvina Jacobs,53,F,8
435,Leonardo Moon,56,M,2
436,Leonia Bender,36,F,1
437,Modesto Carr,25,M,7
438,Tracee Montoya,24,F,6
439,Miguel Patrick,65,M,1
440,Lyla Willis,41,F,6
441,Ulysses O'neal,27,M,8
442,Lauryn Blankenship,32,F,1
443,Denver Salazar,70,M,5
444,Darcel Christensen,46,F,1
445,Rosario Shepard,58,M,1
446,Porsche Hester,62,F,9
447,Sol Hammond,30,M,2
448,Reita Jefferson,27,F,9
449,Eddie Kaufman,63,M,3
450,Vanesa Conley,70,F,4
451,Dalton Ryan,61,M,9
452,Cheryll Romero,69,F,6
453,Jesse Munoz,70,M,1
454,Rudy Walton,66,F,1
455,Mitchel Trujillo,38,M,9
456,Jackeline Mccarty,47,F,6
457,Carrol Mercer,26,M,8
458,Misha Pennington,53,F,6
459,Andreas Fields,42,M,2
460,Jamee Kidd,48,F,5
461,Arnold Britt,64,M,8
462,Librada Wilkinson,66,F,1
463,Michal Sanders,64,M,3
464,Sanora Conley,28,F,6
465,Fermin David,67,M,6
466,Yuki Ray,43,F,5
467,Titus Daugherty,59,M,1
468,Shenita Dennis,42,F,4
469,Eliseo Waters,32,M,9
470,Myrl Mayo,38,F,7
471,Lindsay Phelps,41,M,9
472,Cathern Clayton,69,F,4
473,Stanton Jarvis,46,M,1
474,Terresa Mcgowan,69,F,8
475,Emil Duncan,44,M,8
476,Krystin Andrews,63,F,1
477,Carmelo House,41,M,6
478,Robena Tucker,35,F,9
479,Gerry Mcleod,55,M,4
480,Clora Nichols,31,F,2
481,Pat Velazquez,28,M,9
482,Elois Clemons,38,F,9
483,Shaun Robertson,26,M,2
484,Alethea Beasley,39,F,3
485,Neal Moon,27,M,3
486,Etsuko Matthews,29,F,3
487,Stanley Daniels,55,M,8
488,Ying Bradshaw,28,F,5
489,Ryan Schwartz,32,M,4
490,Asley White,31,F,8
491,Wilbur Sandoval,46,M,2
492,Latesha Forbes,64,F,3
493,Tobias Roy,67,M,6
494,Dionna Williamson,26,F,1
495,Darell Stephens,33,M,6
496,Sharyl Petersen,42,F,8
497,Lucas Livingston,57,M,7
498,Macie Paul,38,F,2
499,Eloy Singleton,61,M,7
500,Karisa West,42,F,5
501,Virgil Solis,56,M,4
502,Calandra Klein,70,F,5
503,Carroll Fowler,31,M,5
504,Mitzie Winters,28,F,1
505,Adolph Mcpherson,68,M,6
506,Laure Meyer,50,F,8
507,Cyrus Hunt,31,M,8
508,Carmina Dunn,24,F,4
509,Carey Fuentes,29,M,7
510,Glenn Gomez,41,F,2
511,Ezra Solis,43,M,9
512,Cecila Young,58,F,8
513,Demarcus Bryan,41,M,2
514,Mickie Dyer,36,F,5
515,Nathaniel Holden,33,M,1
516,Yuri Farley,36,F,4
517,Leopoldo Cooke,32,M,1
518,Sha Velazquez,31,F,5
519,Mason England,67,M,3
520,Gudrun Terry,56,F,4
521,Elvin Coffey,36,M,5
522,Creola Johnson,67,F,9
523,Walton Daniels,59,M,1
524,Lanie Key,36,F,4
525,Errol Gregory,56,M,9
526,Bobette Vang,41,F,1
527,Alfonzo Christian,56,M,7
528,Sherill Pena,26,F,6
529,August Barton,40,M,2
530,Shanelle Cook,54,F,6
531,Edmond Hickman,31,M,6
532,Candyce Dodson,45,F,7
533,Duncan Simon,69,M,1
534,Dot Castillo,45,F,9
535,Donn Whitaker,29,M,4
536,Nicky Lloyd,46,F,1
537,Will Ray,66,M,8
538,Honey Brock,54,F,9
539,Ward Nolan,57,M,2
540,Karma Watson,38,F,8
541,Alfredo Hull,38,M,5
542,Angla Shaw,44,F,4
543,Dewey Lindsey,30,M,2
544,Rea Mcgee,56,F,4
545,Jeromy Velazquez,44,M,5
546,Janene Sellers,65,F,3
547,Chris Malone,28,M,1
548,Faustina Valencia,55,F,6
549,Riley Ellison,68,M,4
550,Shawnna Bell,27,F,6
551,Sterling Kaufman,55,M,6
552,Thanh Reese,62,F,1
553,Brandon Booth,42,M,4
554,Meggan Cardenas,62,F,3
555,Arnold Cabrera,70,M,2
556,Laronda Jones,59,F,6
557,Lou Owen,24,M,5
558,Emmie Lester,69,F,2
559,Garrett Quinn,57,M,6
560,Janett Cooke,26,F,9
561,Neal Ryan,68,M,1
562,Elfrieda Black,48,F,5
563,Perry Finch,64,M,9
564,Grisel Wong,39,F,6
565,Hobert Ryan,56,M,4
566,Lala Lancaster,50,F,4
567,Frederic Martin,35,M,8
568,Magan Goff,64,F,1
569,Cliff Smith,60,M,5
570,Lien Dotson,41,F,9
571,Rocco Becker,66,M,7
572,Leeanna Short,69,F,2
573,Shannon Hudson,65,M,1
574,Lamonica Welch,64,F,7
575,Enrique Charles,32,M,6
576,Michaele Little,57,F,5
577,Leonardo Love,51,M,1
578,Wendie Haley,40,F,9
579,Bobby Harrell,54,M,2
580,Basilia Horton,29,F,9
581,Deshawn Hamilton,56,M,3
582,Ethyl Peters,48,F,3
583,Jason Wong,63,M,4
584,Fernanda Peters,39,F,4
585,Quinn Pace,46,M,5
586,Krystina Ward,31,F,8
587,Reuben Huber,34,M,7
588,Tashia Guthrie,58,F,5
589,Daren Norman,56,M,4
590,Kevin Gray,43,F,2
591,Keith Hubbard,55,M,8
592,January Guerrero,27,F,4
593,Julian Frederick,51,M,7
594,Tennie Montgomery,48,F,7
595,Darrell Willis,56,M,8
596,Meghann Koch,30,F,8
597,Richard Newton,31,M,8
598,Jesenia Lee,49,F,9
599,Hayden Lowery,33,M,5
600,Yuriko King,45,F,1
601,Jude Colon,65,M,8
602,Trudi Anthony,70,F,9
603,Hunter Fulton,50,M,3
604,Kasandra Garner,63,F,4
605,Dewey Cox,37,M,9
606,Dan Blanchard,68,F,7
607,Phil Parsons,55,M,9
608,Donette Puckett,51,F,8
609,Sammy Abbott,38,M,9
610,Darnell Nielsen,70,F,7
611,Kristofer Marquez,51,M,7
612,September Horne,28,F,8
613,Josue Guzman,60,M,1
614,Franchesca Frederick,67,F,5
615,Solomon Hatfield,68,M,3
616,Arnetta Austin,43,F,6
617,Osvaldo Lindsey,68,M,4
618,Grazyna Stanley,37,F,1
619,Trinidad Blankenship,37,M,3
620,Nguyet Welch,29,F,6
621,Ulysses Reeves,45,M,1
622,Pamila Mclean,43,F,3
623,Kim Morris,48,M,1
624,Jackelyn Reilly,65,F,2
625,Alva Lucas,63,M,2
626,Arnetta Barrera,44,F,6
627,Bertram Gardner,51,M,1
628,Tova Acosta,53,F,9
629,Brendon Jordan,67,M,6
630,Miesha Lancaster,30,F,9
631,Emile Powell,27,M,6
632,Maricruz Houston,25,F,6
633,Truman Jenkins,48,M,5
634,Anastacia Coleman,55,F,6
635,Xavier Sweeney,39,M,2
636,Josefine Whitney,48,F,2
637,Branden Hickman,31,M,6
638,Page Orr,63,F,2
639,Hershel Kirk,35,M,2
640,Taren Lopez,60,F,3
641,Shon Page,65,M,1
642,Afton Massey,35,F,7
643,Demetrius Mcmahon,27,M,2
644,Grayce Cantrell,26,F,6
645,Preston Franks,63,M,4
646,Emerald Martin,65,F,8
647,Bryant Gallegos,24,M,2
648,Lavone Owen,64,F,1
649,Quinn Wyatt,65,M,4
650,Dallas Hurst,59,F,3
651,Gil Randolph,62,M,6
652,Criselda Reynolds,33,F,5
653,Scottie Cherry,32,M,9
654,Jacqualine Campos,54,F,5
655,Dirk England,66,M,2
656,Alverta Atkins,68,F,8
657,Gayle Haynes,50,M,6
658,Anthony Vargas,26,F,7
659,Mary Mason,48,M,2
660,Lanell Floyd,44,F,3
661,Kenneth Dillon,34,M,6
662,Kayleen Weber,63,F,3
663,Javier Simpson,58,M,3
664,Brigida Merrill,30,F,1
665,Barrett Smith,64,M,8
666,Alise Houston,33,F,2
667,Rod Wilkinson,55,M,1
668,Eladia Hall,43,F,4
669,Leonel Davis,36,M,1
670,Vivan Mcgee,66,F,5
671,Kelly Stark,64,M,7
672,Kelsie Payne,60,F,5
673,Maximo Schwartz,70,M,5
674,Trula Molina,66,F,7
675,Gilberto Long,69,M,5
676,Cody Reynolds,35,F,9
677,Rosendo Rodgers,49,M,8
678,Laurence Lopez,45,F,2
679,Daron Melendez,33,M,7
680,Jackeline Melton,61,F,9
681,Bernard Sharpe,52,M,4
682,Enola Meyer,69,F,4
683,Jeromy Davidson,43,M,3
684,Bernardine Prince,42,F,6
685,Mike Mcclain,54,M,7
686,Shirely Eaton,47,F,2
687,Wilbur Pace,58,M,8
688,Luba Mooney,31,F,6
689,Parker Carver,45,M,9
690,Gudrun Stanley,26,F,4
691,Isidro Gibson,56,M,6
692,Remona Chan,24,F,7
693,Cornelius Wheeler,39,M,4
694,Shala Patterson,61,F,1
695,Stewart Mercado,42,M,3
696,Hilaria Crosby,54,F,8
697,Denver Tyler,70,M,9
698,Xenia Torres,48,F,1
699,Lucas Bailey,45,M,9
700,Louanne Ewing,24,F,1
701,Donte Ortega,50,M,5
702,Divina Dillon,31,F,2
703,Johnathon Barber,47,M,3
704,Refugia Hurley,49,F,7
705,Shannon Nicholson,24,M,1
706,Lawanna Manning,64,F,9
707,Bradly Carson,40,M,2
708,Kenia May,66,F,7
709,Billie Mathis,68,M,5
710,Joya Delacruz,57,F,1
711,Asa Goodwin,47,M,6
712,Edyth Hanson,38,F,4
713,Woodrow Watson,45,M,2
714,Sharie Morse,66,F,9
715,Ty Guzman,58,M,2
716,Saturnina Aguilar,67,F,3
717,Jarrett Chang,54,M,2
718,Alla Glass,61,F,1
719,Eli Dejesus,54,M,3
720,Ja Myers,42,F,9
721,Morris Mccarthy,68,M,4
722,Collen Medina,42,F,6
723,Spencer Bean,38,M,9
724,Angla Puckett,43,F,2
725,Marshall Turner,57,M,2
726,Son Cortez,69,F,5
727,Zane Harrison,67,M,2
728,Delsie Bonner,42,F,8
729,Xavier Coleman,36,M,2
730,Temple Molina,44,F,3
731,Cedric Cunningham,35,M,9
732,Maple Wells,46,F,4
733,Eugene Wong,37,M,1
734,Na Payne,31,F,1
735,Carrol Barnett,30,M,5
736,Donald Caldwell,69,F,9
737,Tyree Sutton,29,M,4
738,Rea Stevenson,64,F,3
739,Werner Gregory,52,M,9
740,Demetrice Frazier,40,F,3
741,Demarcus Whitaker,67,M,3
742,Crista Beard,26,F,1
743,Gino Wolf,54,M,3
744,Arica Harmon,60,F,1
745,Mauro Myers,33,M,8
746,Olene Garrett,59,F,9
747,Neal Irwin,52,M,5
748,Jacki Murray,46,F,4
749,Paris Adkins,38,M,7
750,Ellamae Williamson,63,F,5
751,Willian Barrett,69,M,6
752,Aleshia Monroe,52,F,7
753,Cordell Moran,27,M,5
754,Shemika Fischer,24,F,8
755,Refugio Manning,60,M,8
756,Ebonie Fitzpatrick,25,F,5
757,Delmar Bernard,42,M,1
758,Zenia Flynn,64,F,3
759,Tom Kelly,26,M,3
760,Eliana Perez,69,F,5
761,Milton Cantu,66,M,4
762,Selene Short,55,F,7
763,Enrique Estrada,37,M,9
764,Trinh Horne,28,F,5
765,Leigh Nieves,52,M,1
766,Jule Hebert,55,F,4
767,Burt Bishop,55,M,3
768,Taina Hendricks,30,F,8
769,Daren Chase,42,M,8
770,Julienne Stokes,58,F,2
771,Gordon Freeman,39,M,9
772,Joye Hutchinson,25,F,4
773,Sammie Randolph,53,M,1
774,Vivienne Nichols,54,F,5
775,Roger Macias,54,M,6
776,Latrina Vasquez,26,F,1
777,Neville Burgess,66,M,7
778,Tien Bowman,26,F,8
779,Carmen Craft,24,M,8
780,Albert Hoffman,31,F,2
781,Truman Herman,29,M,5
782,Season Moon,57,F,5
783,Perry Estes,60,M,4
784,Page Howard,53,F,7
785,Charlie O'neal,68,M,7
786,Jann Yang,51,F,6
787,Werner Mcbride,46,M,2
788,Dyan Ferguson,44,F,1
789,Benito Mosley,66,M,3
790,Raguel Camacho,28,F,9
791,Antonio Williams,67,M,2
792,Jackelyn York,65,F,5
793,Hobert Hobbs,43,M,7
794,Delmy Frederick,35,F,6
795,Gus Reeves,46,M,1
796,Azalee Gray,53,F,1
797,Odis Guzman,61,M,6
798,Austin House,62,F,9
799,Lonnie Short,49,M,3
800,Omega Mckinney,33,F,6
801,Jere Coffey,33,M,8
802,Chang White,50,F,2
803,Sammy Nixon,28,M,3
804,Fidela Mccarthy,37,F,3
805,Joshua Singleton,27,M,6
806,Shena Fitzgerald,60,F,7
807,Benito Morrow,28,M,1
808,Madison Blankenship,43,F,5
809,Chadwick Reid,50,M,4
810,Vernetta Hood,39,F,6
811,Lee Patrick,37,M,9
812,Christeen Taylor,38,F,4
813,Charles Beck,29,M,2
814,Stasia Kramer,50,F,8
815,Anton Erickson,31,M,7
816,Margarite Hammond,57,F,2
817,Silas Weaver,33,M,3
818,Argelia Gillespie,26,F,2
819,Gil Mclaughlin,60,M,8
820,Minna Bush,47,F,9
821,Darrell Wilkerson,64,M,3
822,Karleen Thornton,47,F,1
823,Stanley Marquez,36,M,8
824,Crystle Shaffer,40,F,7
825,Carlos Haney,29,M,5
826,Justa Powers,39,F,3
827,Jamel Rollins,55,M,1
828,Susann Garrison,38,F,3
829,Jospeh Downs,41,M,8
830,Waltraud Rhodes,64,F,4
831,Rubin Peters,50,M,3
832,Jessi Delacruz,66,F,2
833,Andres Wall,47,M,4
834,Linh Cote,63,F,8
835,Cedric Mueller,69,M,6
836,Afton Cash,46,F,7
837,Theo Brown,34,M,7
838,Liberty Mosley,36,F,5
839,Ramiro Kinney,65,M,7
840,Venice Walters,59,F,5
841,Alton Velez,67,M,7
842,Elayne Gill,56,F,9
843,Felton Wall,36,M,7
844,Shin Andrews,54,F,3
845,Kenton Mcclure,47,M,9
846,Madaline Brady,36,F,4
847,Teodoro Robles,55,M,8
848,Kimi Carr,68,F,7
849,Gonzalo Clayton,70,M,1
850,Karl Mcguire,51,F,8
851,Branden Fletcher,66,M,3
852,Marielle Nielsen,45,F,6
853,Tyler Hendricks,41,M,6
854,Daryl Skinner,36,F,6
855,Leo Mcbride,59,M,6
856,Shala Cote,24,F,2
857,Matt Hodges,37,M,7
858,Rheba Rivas,45,F,8
859,Glen Baker,64,M,9
860,Tameika Soto,34,F,9
861,Ethan Gilbert,54,M,4
862,Mertie Conway,48,F,8
863,Russell Barton,63,M,2
864,Coralee Craig,45,F,3
865,Kristofer Collins,40,M,3
866,France Underwood,38,F,3
867,Bertram Rocha,31,M,2
868,Vertie Wells,62,F,3
869,Gene Graham,68,M,3
870,Clarisa Hendrix,27,F,8
871,Coy Cote,29,M,9
872,Numbers Campos,24,F,3
873,Leonardo Garrison,53,M,8
874,Latarsha Norman,28,F,5
875,Patrick Christensen,48,M,7
876,Neoma Camacho,40,F,7
877,Salvador Gross,30,M,3
878,Niesha Pitts,37,F,7
879,Randall Yates,47,M,8
880,Shalon Allison,66,F,9
881,Willis Poole,29,M,8
882,Malena Rowland,52,F,1
883,Frederic Marshall,53,M,7
884,Hilma Molina,38,F,9
885,Mckinley Carr,38,M,8
886,Tanna Dorsey,61,F,4
887,Jacob Fulton,40,M,9
888,Scottie Richard,28,F,6
889,Aldo David,27,M,2
890,Tashina Hester,48,F,7
891,Jeffery Frost,40,M,4
892,Angelic Matthews,42,F,8
893,Rafael Camacho,59,M,5
894,Pamula Brennan,29,F,1
895,Dominique Santos,30,M,2
896,Gennie Yates,56,F,3
897,Brent Stanton,68,M,5
898,Nichelle Boyle,32,F,1
899,Rick Branch,55,M,5
900,Dann Perry,36,F,6
901,Edmund Erickson,38,M,2
902,Maisie Rios,36,F,3
903,Reynaldo Nolan,35,M,2
904,Terrilyn Booker,30,F,8
905,Marcelo Shepard,46,M,9
906,Un Powell,34,F,9
907,Nathanial Knowles,46,M,1
908,Danuta Bryan,28,F,6
909,Fred Moses,34,M,4
910,Britta Black,55,F,4
911,Ward Workman,55,M,9
912,Arvilla Sutton,65,F,7
913,Jamaal Mcdowell,38,M,9
914,Jesenia Carter,44,F,1
915,Sol Salazar,40,M,4
916,Eusebia Jefferson,43,F,6
917,Alonso Jensen,53,M,4
918,Lillia Burnett,41,F,7
919,Kory Franco,28,M,1
920,Margherita Chen,41,F,2
921,Patrick Contreras,47,M,5
922,Lavonna Ferguson,60,F,3
923,Kieth Lott,35,M,5
924,Toi Jefferson,57,F,4
925,Hubert Silva,44,M,6
926,Farah Stout,27,F,7
927,Asa Lane,26,M,9
928,Carlita Fulton,67,F,2
929,Brandon Bean,28,M,3
930,Dacia Delaney,42,F,6
931,Mike Kline,59,M,5
932,Shira Hutchinson,45,F,7
933,Vance Hurst,62,M,6
934,Tanja Hopkins,58,F,9
935,Vince Mayo,43,M,3
936,Emerald Vance,24,F,2
937,Sid Luna,28,M,5
938,Fleta Rowland,37,F,9
939,Milton Fuller,32,M,6
940,Rozanne Mcfadden,30,F,2
941,Dewitt Klein,49,M,7
942,Jamika Mccarty,52,F,4
943,Angel Ratliff,62,M,9
944,Carlie Bonner,62,F,8
945,Russ Mercado,51,M,9
946,Johnette Norton,53,F,5
947,Dario Park,53,M,2
948,Omega Russell,34,F,5
949,Cary Levy,36,M,1
950,Mui Key,37,F,8
951,Elroy Thornton,47,M,8
952,Aracelis Fowler,51,F,9
953,Claud Hutchinson,49,M,3
954,Amiee Tyson,70,F,6
955,Elias Robertson,70,M,7
956,Tamatha Gay,30,F,8
957,Sid Montgomery,46,M,5
958,Inger Roman,59,F,7
959,Clarence Chang,30,M,3
960,Camelia Roberts,32,F,9
961,Ellis Chandler,45,M,2
962,Drusilla Brennan,36,F,5
963,Nathanial Ray,53,M,8
964,Shawnna Rhodes,46,F,9
965,Stan Thompson,54,M,5
966,Charlena Sheppard,67,F,1
967,Collin Huffman,24,M,9
968,Darnell Knowles,34,F,1
969,Ron Beasley,58,M,9
970,Trinh Britt,40,F,5
971,Wilson Stokes,70,M,6
972,Lacresha Gonzalez,70,F,8
973,Lesley Landry,25,M,1
974,Grayce Rosa,52,F,1
975,Santos Floyd,62,M,4
976,Sharyl Chang,69,F,7
977,Jules Stanley,57,M,6
978,Francene Cox,70,F,7
979,Wilfred Sutton,47,M,8
980,Brande Johnston,49,F,5
981,Raymond Ross,45,M,6
982,Laverna Frank,50,F,1
983,Carmine Deleon,67,M,7
984,Shawnee Horne,36,F,4
985,Marlon Henderson,58,M,1
986,Kelsie Walters,66,F,9
987,Franklyn Wilkinson,33,M,7
988,Elwanda Carey,59,F,6
989,Stefan Vasquez,61,M,9
990,Aiko Webster,35,F,3
991,Abe Michael,37,M,2
992,Eric Koch,42,F,1
993,Jamar Welch,32,M,4
994,Quyen Larson,59,F,2
995,Chris Carlson,34,M,7
996,Amira Cohen,63,F,1
997,Quincy Mclaughlin,55,M,6
998,Bok Soto,68,F,8
999,Waylon Durham,38,M,3
1000,Georgene Kramer,57,F,3
